Month,Forecast_Sales
38,1438428.3378378374
39,1472448.5832147934
40,1506468.8285917493
41,1540489.073968705
42,1574509.319345661
43,1608529.564722617
44,1642549.8100995729
45,1676570.0554765286
46,1710590.3008534845
47,1744610.5462304405
48,1778630.7916073962
49,1812651.0369843522
